0,0,1bbd,
112, 117, 126,
112, 118, 126,
112, 119, 126,
112, 120, 126,
113, 116, 133,
113, 118, 126,
113, 119, 126,
113, 120, 126,
114, 116, 133,
114, 117, 133,
114, 119, 126,
114, 120, 126,
115, 116, 133,
115, 117, 133,
115, 118, 133,
115, 120, 126,
116, 116, 122,
116, 117, 133,
116, 118, 133,
116, 119, 130,
114, 118, 133
0,0,7fab,
102, 116, 126,
102, 117, 126,
102, 118, 126,
102, 119, 126,
103, 115, 122,
103, 117, 126,
103, 118, 126,
103, 119, 126,
104, 115, 122,
104, 116, 122,
104, 118, 126,
104, 119, 126,
105, 115, 122,
105, 116, 122,
105, 117, 122,
105, 119, 126,
106, 115, 119,
106, 116, 122,
106, 117, 122,
106, 118, 122,
104, 117, 122
0,0,1dba,
105, 112, 172,
105, 113, 172,
105, 114, 172,
105, 115, 172,
106, 111, 172,
106, 113, 172,
106, 114, 190,
106, 115, 172,
107, 111, 172,
107, 112, 172,
107, 114, 172,
107, 115, 172,
108, 111, 196,
108, 112, 172,
108, 113, 179,
108, 115, 172,
109, 111, 185,
109, 112, 192,
109, 113, 172,
109, 114, 172,
107, 113, 172
0,0,1plg,
110, 116, 187,
110, 117, 187,
110, 118, 187,
110, 119, 187,
111, 115, 187,
111, 117, 187,
111, 118, 187,
111, 119, 187,
112, 115, 195,
112, 116, 187,
112, 118, 187,
112, 119, 187,
113, 115, 195,
113, 116, 195,
113, 117, 187,
113, 119, 187,
114, 115, 195,
114, 116, 195,
114, 117, 195,
114, 118, 187,
112, 117, 187
0,0,1nl0,
105, 112, 213,
105, 113, 213,
105, 114, 213,
105, 115, 213,
106, 111, 213,
106, 113, 213,
106, 114, 213,
106, 115, 213,
107, 111, 209,
107, 112, 213,
107, 114, 213,
107, 115, 213,
108, 111, 209,
108, 112, 209,
108, 113, 213,
108, 115, 213,
109, 111, 209,
109, 112, 209,
109, 113, 209,
109, 114, 213,
107, 113, 213
